{
    "Border": {
        "Color": {
            "w": 0.5,
            "x": 0.0,
            "y": 0.0,
            "z": 0.0
        },
        "ShadowColor": {
            "w": 0.0,
            "x": 0.0,
            "y": 0.0,
            "z": 0.0
        }
    },
    "ChildWindows": {
        "Background": {
            "w": 0.0,
            "x": 0.16205531358718872,
            "y": 0.16205531358718872,
            "z": 0.16205531358718872
        },
        "BorderSize": 1.0,
        "Rounding": 5.0
    },
    "Dock": {
        "EmptyBG": {
            "w": 1.0,
            "x": 0.20000000298023224,
            "y": 0.20000000298023224,
            "z": 0.20000000298023224
        },
        "Preview": {
            "w": 0.699999988079071,
            "x": 0.6242685317993164,
            "y": 0.25999999046325684,
            "z": 0.9800000190734863
        },
        "SeperatorSize": 5.0
    },
    "DragNDrop": {
        "Target": {
            "w": 0.8999999761581421,
            "x": 1.0,
            "y": 1.0,
            "z": 0.0
        }
    },
    "Frame": {
        "Active": {
            "w": 0.6700000166893005,
            "x": 0.3478260636329651,
            "y": 0.3478260636329651,
            "z": 0.3478260636329651
        },
        "Background": {
            "w": 0.5400000214576721,
            "x": 0.03952568769454956,
            "y": 0.03952568769454956,
            "z": 0.03952568769454956
        },
        "BorderSize": 1.0,
        "Hover": {
            "w": 0.4000000059604645,
            "x": 0.15019762516021729,
            "y": 0.15019762516021729,
            "z": 0.15019762516021729
        },
        "Padding": {
            "x": 15.0,
            "y": 7.0
        },
        "Rounding": 5.0
    },
    "Global": {
        "Alpha": 1.0,
        "AntiAliasedFill": true,
        "AntiAliasedLines": true,
        "AntiAliasedLinesUseTex": true,
        "ButtonTextAlign": {
            "x": 0.5,
            "y": 0.5
        },
        "CircleTessellationMaxError": 0.10000000149011612,
        "ColorButtonPosition": 1,
        "CurveTessellationTol": 0.10000000149011612,
        "DisabledAlpha": 0.5,
        "DisplaySafeAreaPadding": {
            "x": 5.0,
            "y": 5.0
        },
        "DisplayWindowPadding": {
            "x": 8.0,
            "y": 8.0
        },
        "LogSliderDeadzone": 0.009999999776482582,
        "MouseCursorScale": 1.0,
        "SelectableTextAlign": {
            "x": 0.0,
            "y": 0.0
        },
        "TableAngledHeadersAngle": 35.0
    },
    "Graph": {
        "Bars": {
            "Background": {
                "w": 1.0,
                "x": 0.8999999761581421,
                "y": 0.699999988079071,
                "z": 0.0
            },
            "Hover": {
                "w": 1.0,
                "x": 1.0,
                "y": 0.6000000238418579,
                "z": 0.0
            }
        },
        "Lines": {
            "Background": {
                "w": 1.0,
                "x": 0.6100000143051147,
                "y": 0.6100000143051147,
                "z": 0.6100000143051147
            },
            "Hover": {
                "w": 1.0,
                "x": 1.0,
                "y": 0.4300000071525574,
                "z": 0.3499999940395355
            }
        }
    },
    "Header": {
        "Active": {
            "w": 0.30980393290519714,
            "x": 0.21176470816135406,
            "y": 0.21176470816135406,
            "z": 0.21176470816135406
        },
        "Background": {
            "w": 0.3100000023841858,
            "x": 0.2134387493133545,
            "y": 0.2134387493133545,
            "z": 0.2134387493133545
        },
        "Hover": {
            "w": 0.30980393290519714,
            "x": 0.21176470816135406,
            "y": 0.21176470816135406,
            "z": 0.21176470816135406
        }
    },
    "Inputs": {
        "Button": {
            "Active": {
                "w": 1.0,
                "x": 0.6506271958351135,
                "y": 0.17391306161880493,
                "z": 1.0
            },
            "Background": {
                "w": 0.4000000059604645,
                "x": 0.5901185274124146,
                "y": 0.25999999046325684,
                "z": 0.9800000190734863
            },
            "Hover": {
                "w": 1.0,
                "x": 0.7149209976196289,
                "y": 0.42061275243759155,
                "z": 0.9762845635414124
            }
        },
        "CheckMark": {
            "Foreground": {
                "w": 1.0,
                "x": 0.5559682250022888,
                "y": 0.25999999046325684,
                "z": 0.9800000190734863
            }
        },
        "Slider": {
            "Grab": {
                "w": 1.0,
                "x": 0.5182608366012573,
                "y": 0.24000003933906555,
                "z": 0.8799999952316284
            },
            "GrabActive": {
                "w": 1.0,
                "x": 0.6071933507919312,
                "y": 0.25999999046325684,
                "z": 0.9800000190734863
            }
        }
    },
    "Menubar": {
        "Background": {
            "w": 1.0,
            "x": 0.14000000059604645,
            "y": 0.14000000059604645,
            "z": 0.14000000059604645
        }
    },
    "Modal": {
        "WindowDim": {
            "w": 0.3499999940395355,
            "x": 0.0,
            "y": 0.0,
            "z": 0.0
        }
    },
    "Navigation": {
        "Highlight": {
            "w": 1.0,
            "x": 0.726719081401825,
            "y": 0.25999999046325684,
            "z": 0.9800000190734863
        },
        "WindowDim": {
            "w": 0.20000000298023224,
            "x": 0.800000011920929,
            "y": 0.800000011920929,
            "z": 0.800000011920929
        },
        "WindowHighlight": {
            "w": 0.699999988079071,
            "x": 1.0,
            "y": 1.0,
            "z": 1.0
        }
    },
    "Popups": {
        "Background": {
            "w": 0.9399999976158142,
            "x": 0.20553362369537354,
            "y": 0.20553362369537354,
            "z": 0.20553362369537354
        },
        "BorderSize": 1.0,
        "Rounding": 5.0
    },
    "ResizeGrip": {
        "Active": {
            "w": 0.949999988079071,
            "x": 0.6754939556121826,
            "y": 0.25999999046325684,
            "z": 0.9800000190734863
        },
        "Background": {
            "w": 0.20000000298023224,
            "x": 0.6584188342094421,
            "y": 0.25999999046325684,
            "z": 0.9800000190734863
        },
        "Hover": {
            "w": 0.6700000166893005,
            "x": 0.6969337463378906,
            "y": 0.48094800114631653,
            "z": 0.9288537502288818
        }
    },
    "Scrollbar": {
        "Background": {
            "w": 0.5299999713897705,
            "x": 0.019999999552965164,
            "y": 0.019999999552965164,
            "z": 0.019999999552965164
        },
        "Grab": {
            "Active": {
                "w": 1.0,
                "x": 0.5099999904632568,
                "y": 0.5099999904632568,
                "z": 0.5099999904632568
            },
            "Background": {
                "w": 1.0,
                "x": 0.3100000023841858,
                "y": 0.3100000023841858,
                "z": 0.3100000023841858
            },
            "Hover": {
                "w": 1.0,
                "x": 0.4099999964237213,
                "y": 0.4099999964237213,
                "z": 0.4099999964237213
            },
            "MinSize": 15.0,
            "Rounding": 5.0
        },
        "Rounding": 5.0,
        "Size": 15.0
    },
    "Seperator": {
        "Active": {
            "w": 0.5,
            "x": 0.47789716720581055,
            "y": 0.3704948127269745,
            "z": 0.6047431230545044
        },
        "Background": {
            "w": 0.5,