{
    "Border": {
        "Color": {
            "w": 0.5,
            "x": 0.4300000071525574,
            "y": 0.4300000071525574,
            "z": 0.5
        },
        "ShadowColor": {
            "w": 0.0,
            "x": 0.6523297429084778,
            "y": 0.5517914295196533,
            "z": 0.5517914295196533
        }
    },
    "ChildWindows": {
        "Background": {
            "w": 0.0,
            "x": 0.8458781242370605,
            "y": 0.8458781242370605,
            "z": 0.8458781242370605
        },
        "BorderSize": 1.0,
        "Rounding": 8.0
    },
    "Dock": {
        "EmptyBG": {
            "w": 1.0,
            "x": 0.20000000298023224,
            "y": 0.20000000298023224,
            "z": 0.20000000298023224
        },
        "Preview": {
            "w": 0.699999988079071,
            "x": 0.6810035705566406,
            "y": 0.6810035705566406,
            "z": 0.6810035705566406
        },
        "SeperatorSize": 5.0
    },
    "DragNDrop": {
        "Target": {
            "w": 0.8999999761581421,
            "x": 1.0,
            "y": 1.0,
            "z": 0.0
        }
    },
    "Frame": {
        "Active": {
            "w": 0.6700000166893005,
            "x": 0.49462366104125977,
            "y": 0.49462366104125977,
            "z": 0.49462366104125977
        },
        "Background": {
            "w": 0.5400000214576721,
            "x": 1.0,
            "y": 1.0,
            "z": 1.0
        },
        "BorderSize": 1.0,
        "Hover": {
            "w": 0.4000000059604645,
            "x": 0.8888888955116272,
            "y": 0.8888888955116272,
            "z": 0.8888888955116272
        },
        "Padding": {
            "x": 14.0,
            "y": 8.0
        },
        "Rounding": 8.0
    },
    "Global": {
        "Alpha": 1.0,
        "AntiAliasedFill": true,
        "AntiAliasedLines": true,
        "AntiAliasedLinesUseTex": true,
        "ButtonTextAlign": {
            "x": 0.5,
            "y": 0.5
        },
        "CircleTessellationMaxError": 0.10000000149011612,
        "ColorButtonPosition": 1,
        "CurveTessellationTol": 0.10000000149011612,
        "DisabledAlpha": 0.5,
        "DisplaySafeAreaPadding": {
            "x": 5.0,
            "y": 5.0
        },
        "DisplayWindowPadding": {
            "x": 8.0,
            "y": 8.0
        },
        "LogSliderDeadzone": 0.009999999776482582,
        "MouseCursorScale": 1.0,
        "SelectableTextAlign": {
            "x": 0.0,
            "y": 0.0
        },
        "TableAngledHeadersAngle": 35.0
    },
    "Graph": {
        "Bars": {
            "Background": {
                "w": 1.0,
                "x": 0.8999999761581421,
                "y": 0.699999988079071,
                "z": 0.0
            },
            "Hover": {
                "w": 1.0,
                "x": 1.0,
                "y": 0.6000000238418579,
                "z": 0.0
            }
        },
        "Lines": {
            "Background": {
                "w": 1.0,
                "x": 0.6100000143051147,
                "y": 0.6100000143051147,
                "z": 0.6100000143051147
            },
            "Hover": {
                "w": 1.0,
                "x": 1.0,
                "y": 0.4300000071525574,
                "z": 0.3499999940395355
            }
        }
    },
    "Header": {
        "Active": {
            "w": 1.0,
            "x": 0.6344085931777954,
            "y": 0.6344085931777954,
            "z": 0.6344085931777954
        },
        "Background": {
            "w": 0.3100000023841858,
            "x": 0.9820788502693176,
            "y": 0.9820788502693176,
            "z": 0.9820788502693176
        },
        "Hover": {
            "w": 0.800000011920929,
            "x": 0.8100358247756958,
            "y": 0.8100358247756958,
            "z": 0.8100358247756958
        }
    },
    "Inputs": {
        "Button": {
            "Active": {
                "w": 1.0,
                "x": 0.9713261723518372,
                "y": 0.9713261723518372,
                "z": 0.9713261723518372
            },
            "Background": {
                "w": 0.4000000059604645,
                "x": 0.8817204236984253,
                "y": 0.8817204236984253,
                "z": 0.8817204236984253
            },
            "Hover": {
                "w": 1.0,
                "x": 0.6666666269302368,
                "y": 0.6666666269302368,
                "z": 0.6666666269302368
            }
        },
        "CheckMark": {
            "Foreground": {
                "w": 1.0,
                "x": 0.9677419662475586,
                "y": 0.9677419662475586,
                "z": 0.9677419662475586
            }
        },
        "Slider": {
            "Grab": {
                "w": 1.0,
                "x": 0.0,
                "y": 0.0,
                "z": 0.0
            },
            "GrabActive": {
                "w": 1.0,
                "x": 0.3476702570915222,
                "y": 0.3476702570915222,
                "z": 0.3476702570915222
            }
        }
    },
    "Menubar": {
        "Background": {
            "w": 1.0,
            "x": 1.0,
            "y": 1.0,
            "z": 1.0
        }
    },
    "Modal": {
        "WindowDim": {
            "w": 0.3499999940395355,
            "x": 0.0,
            "y": 0.0,
            "z": 0.0
        }
    },
    "Navigation": {
        "Highlight": {
            "w": 1.0,
            "x": 0.25999999046325684,
            "y": 0.5899999737739563,
            "z": 0.9800000190734863
        },
        "WindowDim": {
            "w": 0.20000000298023224,
            "x": 0.800000011920929,
            "y": 0.800000011920929,
            "z": 0.800000011920929
        },
        "WindowHighlight": {
            "w": 0.699999988079071,
            "x": 1.0,
            "y": 1.0,
            "z": 1.0
        }
    },
    "Popups": {
        "Background": {
            "w": 0.9399999976158142,
            "x": 1.0,
            "y": 1.0,
            "z": 1.0
        },
        "BorderSize": 1.0,
        "Rounding": 9.0
    },
    "ResizeGrip": {
        "Active": {
            "w": 0.949999988079071,
            "x": 1.0,
            "y": 1.0,
            "z": 1.0
        },
        "Background": {
            "w": 0.20000000298023224,
            "x": 1.0,
            "y": 1.0,
            "z": 1.0
        },
        "Hover": {
            "w": 0.6700000166893005,
            "x": 0.939068078994751,
            "y": 0.939068078994751,
            "z": 0.939068078994751
        }
    },
    "Scrollbar": {
        "Background": {
            "w": 0.5299999713897705,
            "x": 0.9139785170555115,
            "y": 0.9139785170555115,
            "z": 0.9139785170555115
        },
        "Grab": {
            "Active": {
                "w": 1.0,
                "x": 0.5099999904632568,
                "y": 0.5099999904632568,
                "z": 0.5099999904632568
            },
            "Background": {
                "w": 1.0,
                "x": 0.8817204236984253,
                "y": 0.8817204236984253,
                "z": 0.8817204236984253
            },
            "Hover": {
                "w": 1.0,
                "x": 0.9784946441650391,
                "y": 0.9784946441650391,
                "z": 0.9784946441650391
            },
            "MinSize": 15.0,
            "Rounding": 12.0
        },
        "Rounding": 12.0,
        "Size": 12.0
    },
    "Seperator": {
        "Active": {
            "w": 0.5,
            "x": 0.32974910736083984,
            "y": 0.32974910736083984,
            "z": 0.32974910736083984
        },
        "Background": {
            "w": 0.5,
            "x": 0.32974910736083984,
            "y": 0.32974910736083984,
            "z": 0.32974910736083984
        },
        "Hover": {
            "w": 0.5,
            "x": 0.32974910736083984,
            "y": 0.32974910736083984,